cell,rep,B,pick,ref_pick,agree,regret,regret_pos,regret_se,zero,top
P0,0,250,6.0,5.0,False,0.00042580502715585685,0.00042580502715585685,0.00037813327216957004,False,False
P0,0,500,6.0,5.0,False,0.00042580502715585685,0.00042580502715585685,0.00037813327216957004,False,False
P0,0,1000,5.0,5.0,True,0.0,0.0,0.0,False,False
P0,0,2000,5.0,5.0,True,0.0,0.0,0.0,False,False
P0,0,4000,5.0,5.0,True,0.0,0.0,0.0,False,False
P0,0,8000,5.0,5.0,True,0.0,0.0,0.0,False,False
P0,1,250,3.0,5.0,False,0.003161718372201033,0.003161718372201033,0.0007706261347838155,False,False
P0,1,500,4.0,5.0,False,0.0007364394447971229,0.0007364394447971229,0.0003822708578184349,False,False
P0,1,1000,3.0,5.0,False,0.003161718372201033,0.003161718372201033,0.0007706261347838155,False,False
P0,1,2000,4.0,5.0,False,0.0007364394447971229,0.0007364394447971229,0.0003822708578184349,False,False
P0,1,4000,4.0,5.0,False,0.0007364394447971229,0.0007364394447971229,0.0003822708578184349,False,False
P0,1,8000,5.0,5.0,True,0.0,0.0,0.0,False,False
P0,2,250,7.0,5.0,False,0.0026362086942639117,0.0026362086942639117,0.0007663292956299286,False,False
P0,2,500,6.0,5.0,False,0.0005132736115632241,0.0005132736115632241,0.00038616220517589196,False,False
P0,2,1000,6.0,5.0,False,0.0005132736115632241,0.0005132736115632241,0.00038616220517589196,False,False
P0,2,2000,5.0,5.0,True,0.0,0.0,0.0,False,False
P0,2,4000,5.0,5.0,True,0.0,0.0,0.0,False,False
P0,2,8000,5.0,5.0,True,0.0,0.0,0.0,False,False
P0,3,250,6.0,5.0,False,0.0009270952066921678,0.0009270952066921678,0.0003791444173674123,False,False
P0,3,500,5.0,5.0,True,0.0,0.0,0.0,False,False
P0,3,1000,5.0,5.0,True,0.0,0.0,0.0,False,False
P0,3,2000,5.0,5.0,True,0.0,0.0,0.0,False,False
P0,3,4000,5.0,5.0,True,0.0,0.0,0.0,False,False
P0,3,8000,5.0,5.0,True,0.0,0.0,0.0,False,False
P0,4,250,4.0,5.0,False,0.0011858673504557594,0.0011858673504557594,0.0003848929627461341,False,False
P0,4,500,5.0,5.0,True,0.0,0.0,0.0,False,False
P0,4,1000,5.0,5.0,True,0.0,0.0,0.0,False,False
P0,4,2000,5.0,5.0,True,0.0,0.0,0.0,False,False
P0,4,4000,5.0,5.0,True,0.0,0.0,0.0,False,False
P0,4,8000,5.0,5.0,True,0.0,0.0,0.0,False,False
P0,5,250,6.0,5.0,False,0.0007892199230202629,0.0007892199230202629,0.0003723675638681865,False,False
P0,5,500,5.0,5.0,True,0.0,0.0,0.0,False,False
P0,5,1000,5.0,5.0,True,0.0,0.0,0.0,False,False
P0,5,2000,5.0,5.0,True,0.0,0.0,0.0,False,False
P0,5,4000,4.0,5.0,False,0.0008920375195819744,0.0008920375195819744,0.00037811310337107566,False,False
P0,5,8000,5.0,5.0,True,0.0,0.0,0.0,False,False
P0,6,250,4.0,5.0,False,0.0006570954387252894,0.0006570954387252894,0.0003833981250154732,False,False
P0,6,500,4.0,5.0,False,0.0006570954387252894,0.0006570954387252894,0.0003833981250154732,False,False
P0,6,1000,4.0,5.0,False,0.0006570954387252894,0.0006570954387252894,0.0003833981250154732,False,False
P0,6,2000,5.0,5.0,True,0.0,0.0,0.0,False,False
P0,6,4000,5.0,5.0,True,0.0,0.0,0.0,False,False
P0,6,8000,5.0,5.0,True,0.0,0.0,0.0,False,False
P0,7,250,7.0,5.0,False,0.0030821943407358656,0.0030821943407358656,0.0007454348302116459,False,False
P0,7,500,6.0,5.0,False,0.0007207743836716038,0.0007207743836716038,0.00037561002776483195,False,False
P0,7,1000,5.0,5.0,True,0.0,0.0,0.0,False,False
P0,7,2000,5.0,5.0,True,0.0,0.0,0.0,False,False
P0,7,4000,4.0,5.0,False,0.0009463418583577632,0.0009463418583577632,0.00038148697413691084,False,False
P0,7,8000,5.0,5.0,True,0.0,0.0,0.0,False,False
P0,8,250,4.0,5.0,False,0.000753382002689657,0.000753382002689657,0.0003823953024984804,False,False
P0,8,500,4.0,5.0,False,0.000753382002689657,0.000753382002689657,0.0003823953024984804,False,False
P0,8,1000,4.0,5.0,False,0.000753382002689657,0.000753382002689657,0.0003823953024984804,False,False
P0,8,2000,5.0,5.0,True,0.0,0.0,0.0,False,False
P0,8,4000,5.0,5.0,True,0.0,0.0,0.0,False,False
P0,8,8000,5.0,5.0,True,0.0,0.0,0.0,False,False
P0,9,250,5.0,5.0,True,0.0,0.0,0.0,False,False
P0,9,500,4.0,5.0,False,0.0012661442082321317,0.0012661442082321317,0.0003837452416435398,False,False
P0,9,1000,5.0,5.0,True,0.0,0.0,0.0,False,False
P0,9,2000,5.0,5.0,True,0.0,0.0,0.0,False,False
P0,9,4000,5.0,5.0,True,0.0,0.0,0.0,False,False
P0,9,8000,5.0,5.0,True,0.0,0.0,0.0,False,False
P0,10,250,5.0,5.0,True,0.0,0.0,0.0,False,False
P0,10,500,5.0,5.0,True,0.0,0.0,0.0,False,False
P0,10,1000,4.0,5.0,False,0.000737214729871541,0.000737214729871541,0.0003860904166024636,False,False
P0,10,2000,5.0,5.0,True,0.0,0.0,0.0,False,False
P0,10,4000,5.0,5.0,True,0.0,0.0,0.0,False,False
P0,10,8000,5.0,5.0,True,0.0,0.0,0.0,False,False
P0,11,250,5.0,5.0,True,0.0,0.0,0.0,False,False
P0,11,500,5.0,5.0,True,0.0,0.0,0.0,False,False
P0,11,1000,5.0,5.0,True,0.0,0.0,0.0,False,False
P0,11,2000,5.0,5.0,True,0.0,0.0,0.0,False,False
P0,11,4000,6.0,5.0,False,0.0003340010502994024,0.0003340010502994024,0.00038116734486409157,False,False
P0,11,8000,5.0,5.0,True,0.0,0.0,0.0,False,False
P0,12,250,4.0,5.0,False,0.00037377057943986826,0.00037377057943986826,0.00038290925574829344,False,False
P0,12,500,4.0,5.0,False,0.00037377057943986826,0.00037377057943986826,0.00038290925574829344,False,False
P0,12,1000,5.0,5.0,True,0.0,0.0,0.0,False,False
P0,12,2000,5.0,5.0,True,0.0,0.0,0.0,False,False
P0,12,4000,5.0,5.0,True,0.0,0.0,0.0,False,False
P0,12,8000,5.0,5.0,True,0.0,0.0,0.0,False,False
P0,13,250,6.0,5.0,False,0.000906619519143676,0.000906619519143676,0.0003773464155009838,False,False
P0,13,500,5.0,5.0,True,0.0,0.0,0.0,False,False
P0,13,1000,4.0,5.0,False,0.0007693229291401725,0.0007693229291401725,0.0003833195074312288,False,False
P0,13,2000,5.0,5.0,True,0.0,0.0,0.0,False,False
P0,13,4000,5.0,5.0,True,0.0,0.0,0.0,False,False
P0,13,8000,5.0,5.0,True,0.0,0.0,0.0,False,False
P0,14,250,5.0,5.0,True,0.0,0.0,0.0,False,False
P0,14,500,5.0,5.0,True,0.0,0.0,0.0,False,False
P0,14,1000,5.0,5.0,True,0.0,0.0,0.0,False,False
P0,14,2000,5.0,5.0,True,0.0,0.0,0.0,False,False
P0,14,4000,5.0,5.0,True,0.0,0.0,0.0,False,False
P0,14,8000,5.0,5.0,True,0.0,0.0,0.0,False,False
P0,15,250,4.0,5.0,False,0.0013755472059470979,0.0013755472059470979,0.0003864934621378409,False,False
P0,15,500,4.0,5.0,False,0.0013755472059470979,0.0013755472059470979,0.0003864934621378409,False,False
P0,15,1000,5.0,5.0,True,0.0,0.0,0.0,False,False
P0,15,2000,5.0,5.0,True,0.0,0.0,0.0,False,False
P0,15,4000,5.0,5.0,True,0.0,0.0,0.0,False,False
P0,15,8000,5.0,5.0,True,0.0,0.0,0.0,False,False
P0,16,250,6.0,5.0,False,0.001311900174620864,0.001311900174620864,0.00038003887699116266,False,False
P0,16,500,6.0,5.0,False,0.001311900174620864,0.001311900174620864,0.00038003887699116266,False,False
P0,16,1000,4.0,5.0,False,0.0003363636100216197,0.0003363636100216197,0.00038601212189448173,False,False
P0,16,2000,4.0,5.0,False,0.0003363636100216197,0.0003363636100216197,0.00038601212189448173,False,False
P0,16,4000,5.0,5.0,True,0.0,0.0,0.0,False,False
P0,16,8000,5.0,5.0,True,0.0,0.0,0.0,False,False
P0,17,250,4.0,5.0,False,0.0010069267701910975,0.0010069267701910975,0.00038260009257475453,False,False
P0,17,500,4.0,5.0,False,0.0010069267701910975,0.0010069267701910975,0.00038260009257475453,False,False
P0,17,1000,5.0,5.0,True,0.0,0.0,0.0,False,False
P0,17,2000,5.0,5.0,True,0.0,0.0,0.0,False,False
P0,17,4000,5.0,5.0,True,0.0,0.0,0.0,False,False
P0,17,8000,5.0,5.0,True,0.0,0.0,0.0,False,False
P0,18,250,6.0,5.0,False,0.001081231932675571,0.001081231932675571,0.0003778537372551552,False,False
P0,18,500,6.0,5.0,False,0.001081231932675571,0.001081231932675571,0.0003778537372551552,False,False
P0,18,1000,5.0,5.0,True,0.0,0.0,0.0,False,False
P0,18,2000,6.0,5.0,False,0.001081231932675571,0.001081231932675571,0.0003778537372551552,False,False
P0,18,4000,5.0,5.0,True,0.0,0.0,0.0,False,False
P0,18,8000,5.0,5.0,True,0.0,0.0,0.0,False,False
P0,19,250,6.0,5.0,False,0.0009750375259116712,0.0009750375259116712,0.0003780040442401655,False,False
P0,19,500,6.0,5.0,False,0.0009750375259116712,0.0009750375259116712,0.0003780040442401655,False,False
P0,19,1000,6.0,5.0,False,0.0009750375259116712,0.0009750375259116712,0.0003780040442401655,False,False
P0,19,2000,6.0,5.0,False,0.0009750375259116712,0.0009750375259116712,0.0003780040442401655,False,False
P0,19,4000,5.0,5.0,True,0.0,0.0,0.0,False,False
P0,19,8000,5.0,5.0,True,0.0,0.0,0.0,False,False
P0,20,250,6.0,5.0,False,0.0008601270909234834,0.0008601270909234834,0.00037754999036607607,False,False
P0,20,500,7.0,5.0,False,0.003369523051283168,0.003369523051283168,0.0007493000366788792,False,False
P0,20,1000,7.0,5.0,False,0.003369523051283168,0.003369523051283168,0.0007493000366788792,False,False
P0,20,2000,5.0,5.0,True,0.0,0.0,0.0,False,False
P0,20,4000,5.0,5.0,True,0.0,0.0,0.0,False,False
P0,20,8000,5.0,5.0,True,0.0,0.0,0.0,False,False
P0,21,250,5.0,5.0,True,0.0,0.0,0.0,False,False
P0,21,500,5.0,5.0,True,0.0,0.0,0.0,False,False
P0,21,1000,5.0,5.0,True,0.0,0.0,0.0,False,False
P0,21,2000,5.0,5.0,True,0.0,0.0,0.0,False,False
P0,21,4000,5.0,5.0,True,0.0,0.0,0.0,False,False
P0,21,8000,5.0,5.0,True,0.0,0.0,0.0,False,False
P0,22,250,1.0,5.0,False,0.011138601112014626,0.011138601112014626,0.0015642248949699533,False,False
P0,22,500,2.0,5.0,False,0.00574100842611504,0.00574100842611504,0.0011639777134186584,False,False
P0,22,1000,4.0,5.0,False,0.00019885322197446642,0.00019885322197446642,0.0003819616923895935,False,False
P0,22,2000,4.0,5.0,False,0.00019885322197446642,0.00019885322197446642,0.0003819616923895935,False,False
P0,22,4000,5.0,5.0,True,0.0,0.0,0.0,False,False
P0,22,8000,5.0,5.0,True,0.0,0.0,0.0,False,False
P0,23,250,7.0,5.0,False,0.002115546786329239,0.002115546786329239,0.0007552875802932404,False,False
P0,23,500,5.0,5.0,True,0.0,0.0,0.0,False,False
P0,23,1000,4.0,5.0,False,0.001432952129120817,0.001432952129120817,0.00038671401879910856,False,False
P0,23,2000,5.0,5.0,True,0.0,0.0,0.0,False,False
P0,23,4000,5.0,5.0,True,0.0,0.0,0.0,False,False
P0,23,8000,5.0,5.0,True,0.0,0.0,0.0,False,False
P0,24,250,7.0,5.0,False,0.0041202843550795605,0.0041202843550795605,0.0007510394981005032,False,False
P0,24,500,6.0,5.0,False,0.0012436138700727822,0.0012436138700727822,0.0003784485335877408,False,False
P0,24,1000,5.0,5.0,True,0.0,0.0,0.0,False,False
P0,24,2000,5.0,5.0,True,0.0,0.0,0.0,False,False
P0,24,4000,5.0,5.0,True,0.0,0.0,0.0,False,False
P0,24,8000,5.0,5.0,True,0.0,0.0,0.0,False,False
P0,25,250,5.0,5.0,True,0.0,0.0,0.0,False,False
P0,25,500,6.0,5.0,False,0.0014706038209091063,0.0014706038209091063,0.0003749681766609393,False,False
P0,25,1000,6.0,5.0,False,0.0014706038209091063,0.0014706038209091063,0.0003749681766609393,False,False
P0,25,2000,5.0,5.0,True,0.0,0.0,0.0,False,False
P0,25,4000,5.0,5.0,True,0.0,0.0,0.0,False,False
P0,25,8000,5.0,5.0,True,0.0,0.0,0.0,False,False
P0,26,250,4.0,5.0,False,0.000853945225366613,0.000853945225366613,0.00038003691166655094,False,False
P0,26,500,5.0,5.0,True,0.0,0.0,0.0,False,False
P0,26,1000,5.0,5.0,True,0.0,0.0,0.0,False,False
P0,26,2000,5.0,5.0,True,0.0,0.0,0.0,False,False
P0,26,4000,5.0,5.0,True,0.0,0.0,0.0,False,False
P0,26,8000,5.0,5.0,True,0.0,0.0,0.0,False,False
P0,27,250,6.0,5.0,False,0.001310818483685526,0.001310818483685526,0.00037638490583953663,False,False
P0,27,500,6.0,5.0,False,0.001310818483685526,0.001310818483685526,0.00037638490583953663,False,False
P0,27,1000,5.0,5.0,True,0.0,0.0,0.0,False,False
P0,27,2000,6.0,5.0,False,0.001310818483685526,0.001310818483685526,0.00037638490583953663,False,False
P0,27,4000,5.0,5.0,True,0.0,0.0,0.0,False,False
P0,27,8000,5.0,5.0,True,0.0,0.0,0.0,False,False
P0,28,250,4.0,5.0,False,0.0005490837371534498,0.0005490837371534498,0.0003811667346854958,False,False
P0,28,500,3.0,5.0,False,0.0028024099088370777,0.0028024099088370777,0.0007683075924284314,False,False
P0,28,1000,4.0,5.0,False,0.0005490837371534498,0.0005490837371534498,0.0003811667346854958,False,False
P0,28,2000,5.0,5.0,True,0.0,0.0,0.0,False,False
P0,28,4000,5.0,5.0,True,0.0,0.0,0.0,False,False
P0,28,8000,5.0,5.0,True,0.0,0.0,0.0,False,False
P0,29,250,4.0,5.0,False,0.0008874536237766966,0.0008874536237766966,0.00038700716652510683,False,False
P0,29,500,4.0,5.0,False,0.0008874536237766966,0.0008874536237766966,0.00038700716652510683,False,False
P0,29,1000,4.0,5.0,False,0.0008874536237766966,0.0008874536237766966,0.00038700716652510683,False,False
P0,29,2000,5.0,5.0,True,0.0,0.0,0.0,False,False
P0,29,4000,5.0,5.0,True,0.0,0.0,0.0,False,False
P0,29,8000,5.0,5.0,True,0.0,0.0,0.0,False,False
P2,0,250,12.0,10.0,False,0.0009054853759838197,0.0009054853759838197,0.00021106809414425364,False,False
P2,0,500,11.0,10.0,False,-1.2357865122039479e-05,0.0,0.00010639285286617592,False,False
P2,0,1000,11.0,10.0,False,-1.2357865122039479e-05,0.0,0.00010639285286617592,False,False
P2,0,2000,10.0,10.0,True,0.0,0.0,0.0,False,False
P2,0,4000,10.0,10.0,True,0.0,0.0,0.0,False,False
P2,0,8000,10.0,10.0,True,0.0,0.0,0.0,False,False
P2,1,250,10.0,11.0,False,0.00015368949463015372,0.00015368949463015372,0.0001013958190686355,False,False
P2,1,500,10.0,11.0,False,0.00015368949463015372,0.00015368949463015372,0.0001013958190686355,False,False
P2,1,1000,11.0,11.0,True,0.0,0.0,0.0,False,False
P2,1,2000,11.0,11.0,True,0.0,0.0,0.0,False,False
P2,1,4000,11.0,11.0,True,0.0,0.0,0.0,False,False
P2,1,8000,11.0,11.0,True,0.0,0.0,0.0,False,False
P2,2,250,11.0,11.0,True,0.0,0.0,0.0,False,False
P2,2,500,10.0,11.0,False,3.866438900860451e-05,3.866438900860451e-05,0.00010522341484232742,False,False
P2,2,1000,11.0,11.0,True,0.0,0.0,0.0,False,False
P2,2,2000,11.0,11.0,True,0.0,0.0,0.0,False,False
P2,2,4000,11.0,11.0,True,0.0,0.0,0.0,False,False
P2,2,8000,11.0,11.0,True,0.0,0.0,0.0,False,False
P2,3,250,10.0,11.0,False,0.00012095701209334842,0.00012095701209334842,0.000109078767979943,False,False
P2,3,500,11.0,11.0,True,0.0,0.0,0.0,False,False
P2,3,1000,11.0,11.0,True,0.0,0.0,0.0,False,False
P2,3,2000,11.0,11.0,True,0.0,0.0,0.0,False,False
P2,3,4000,11.0,11.0,True,0.0,0.0,0.0,False,False
P2,3,8000,11.0,11.0,True,0.0,0.0,0.0,False,False
P2,4,250,10.0,10.0,True,0.0,0.0,0.0,False,False
P2,4,500,11.0,10.0,False,-4.7296245392859166e-05,0.0,0.00011080392439841651,False,False
P2,4,1000,10.0,10.0,True,0.0,0.0,0.0,False,False
P2,4,2000,10.0,10.0,True,0.0,0.0,0.0,False,False
P2,4,4000,10.0,10.0,True,0.0,0.0,0.0,False,False
P2,4,8000,10.0,10.0,True,0.0,0.0,0.0,False,False
P2,5,250,10.0,11.0,False,-4.776500652490399e-05,0.0,0.00010668052761267771,False,False
P2,5,500,10.0,11.0,False,-4.776500652490399e-05,0.0,0.00010668052761267771,False,False
P2,5,1000,10.0,11.0,False,-4.776500652490399e-05,0.0,0.00010668052761267771,False,False
P2,5,2000,10.0,11.0,False,-4.776500652490399e-05,0.0,0.00010668052761267771,False,False
P2,5,4000,10.0,11.0,False,-4.776500652490399e-05,0.0,0.00010668052761267771,False,False
P2,5,8000,11.0,11.0,True,0.0,0.0,0.0,False,False
P2,6,250,12.0,10.0,False,0.0010963669616232757,0.0010963669616232757,0.0002105724760271323,False,False
P2,6,500,11.0,10.0,False,7.451580654561875e-05,7.451580654561875e-05,0.00010615485728335998,False,False
P2,6,1000,11.0,10.0,False,7.451580654561875e-05,7.451580654561875e-05,0.00010615485728335998,False,False
P2,6,2000,10.0,10.0,True,0.0,0.0,0.0,False,False
P2,6,4000,10.0,10.0,True,0.0,0.0,0.0,False,False
P2,6,8000,10.0,10.0,True,0.0,0.0,0.0,False,False
P2,7,250,10.0,10.0,True,0.0,0.0,0.0,False,False
P2,7,500,10.0,10.0,True,0.0,0.0,0.0,False,False
P2,7,1000,10.0,10.0,True,0.0,0.0,0.0,False,False
P2,7,2000,10.0,10.0,True,0.0,0.0,0.0,False,False
P2,7,4000,10.0,10.0,True,0.0,0.0,0.0,False,False
P2,7,8000,10.0,10.0,True,0.0,0.0,0.0,False,False
P2,8,250,10.0,11.0,False,-5.936185631151879e-05,0.0,0.00010174485833916867,False,False
P2,8,500,11.0,11.0,True,0.0,0.0,0.0,False,False
P2,8,1000,10.0,11.0,False,-5.936185631151879e-05,0.0,0.00010174485833916867,False,False
P2,8,2000,10.0,11.0,False,-5.936185631151879e-05,0.0,0.00010174485833916867,False,False
P2,8,4000,11.0,11.0,True,0.0,0.0,0.0,False,False
P2,8,8000,11.0,11.0,True,0.0,0.0,0.0,False,False
P2,9,250,10.0,11.0,False,5.225476594959019e-05,5.225476594959019e-05,0.00010331524768773196,False,False
P2,9,500,10.0,11.0,False,5.225476594959019e-05,5.225476594959019e-05,0.00010331524768773196,False,False
P2,9,1000,10.0,11.0,False,5.225476594959019e-05,5.225476594959019e-05,0.00010331524768773196,False,False
P2,9,2000,11.0,11.0,True,0.0,0.0,0.0,False,False
P2,9,4000,11.0,11.0,True,0.0,0.0,0.0,False,False
P2,9,8000,11.0,11.0,True,0.0,0.0,0.0,False,False
P2,10,250,10.0,10.0,True,0.0,0.0,0.0,False,False
P2,10,500,10.0,10.0,True,0.0,0.0,0.0,False,False
P2,10,1000,11.0,10.0,False,9.535602100604627e-06,9.535602100604627e-06,9.73628507811869e-05,False,False
P2,10,2000,11.0,10.0,False,9.535602100604627e-06,9.535602100604627e-06,9.73628507811869e-05,False,False
P2,10,4000,11.0,10.0,False,9.535602100604627e-06,9.535602100604627e-06,9.73628507811869e-05,False,False
P2,10,8000,10.0,10.0,True,0.0,0.0,0.0,False,False
P2,11,250,10.0,11.0,False,-7.502667974707775e-05,0.0,0.00010072506127910596,False,False
P2,11,500,10.0,11.0,False,-7.502667974707775e-05,0.0,0.00010072506127910596,False,False
P2,11,1000,11.0,11.0,True,0.0,0.0,0.0,False,False
P2,11,2000,11.0,11.0,True,0.0,0.0,0.0,False,False
P2,11,4000,11.0,11.0,True,0.0,0.0,0.0,False,False
P2,11,8000,11.0,11.0,True,0.0,0.0,0.0,False,False
P2,12,250,11.0,11.0,True,0.0,0.0,0.0,False,False
P2,12,500,10.0,11.0,False,-8.293839892864619e-05,0.0,0.00010237493438843706,False,False
P2,12,1000,10.0,11.0,False,-8.293839892864619e-05,0.0,0.00010237493438843706,False,False
P2,12,2000,11.0,11.0,True,0.0,0.0,0.0,False,False
P2,12,4000,10.0,11.0,False,-8.293839892864619e-05,0.0,0.00010237493438843706,False,False
P2,12,8000,11.0,11.0,True,0.0,0.0,0.0,False,False
P2,13,250,11.0,11.0,True,0.0,0.0,0.0,False,False
P2,13,500,12.0,11.0,False,0.0011346815514956968,0.0011346815514956968,0.00010846579498646557,False,False
P2,13,1000,11.0,11.0,True,0.0,0.0,0.0,False,False
P2,13,2000,11.0,11.0,True,0.0,0.0,0.0,False,False
P2,13,4000,11.0,11.0,True,0.0,0.0,0.0,False,False
P2,13,8000,11.0,11.0,True,0.0,0.0,0.0,False,False
P2,14,250,10.0,11.0,False,7.155375262522254e-05,7.155375262522254e-05,0.00010651780101401686,False,False
P2,14,500,10.0,11.0,False,7.155375262522254e-05,7.155375262522254e-05,0.00010651780101401686,False,False
P2,14,1000,11.0,11.0,True,0.0,0.0,0.0,False,False
P2,14,2000,11.0,11.0,True,0.0,0.0,0.0,False,False
P2,14,4000,11.0,11.0,True,0.0,0.0,0.0,False,False
P2,14,8000,11.0,11.0,True,0.0,0.0,0.0,False,False
P2,15,250,10.0,10.0,True,0.0,0.0,0.0,False,False
P2,15,500,10.0,10.0,True,0.0,0.0,0.0,False,False
P2,15,1000,11.0,10.0,False,-0.00011373782177524602,0.0,9.928048829396888e-05,False,False
P2,15,2000,11.0,10.0,False,-0.00011373782177524602,0.0,9.928048829396888e-05,False,False
P2,15,4000,10.0,10.0,True,0.0,0.0,0.0,False,False
P2,15,8000,10.0,10.0,True,0.0,0.0,0.0,False,False
P2,16,250,12.0,11.0,False,0.000750052669926788,0.000750052669926788,9.845362306772047e-05,False,False
P2,16,500,11.0,11.0,True,0.0,0.0,0.0,False,False
P2,16,1000,11.0,11.0,True,0.0,0.0,0.0,False,False
P2,16,2000,11.0,11.0,True,0.0,0.0,0.0,False,False
P2,16,4000,11.0,11.0,True,0.0,0.0,0.0,False,False
P2,16,8000,11.0,11.0,True,0.0,0.0,0.0,False,False
P2,17,250,10.0,11.0,False,0.00014948655257200735,0.00014948655257200735,0.00010172609128758586,False,False
P2,17,500,11.0,11.0,True,0.0,0.0,0.0,False,False
P2,17,1000,11.0,11.0,True,0.0,0.0,0.0,False,False
P2,17,2000,11.0,11.0,True,0.0,0.0,0.0,False,False
P2,17,4000,11.0,11.0,True,0.0,0.0,0.0,False,False
P2,17,8000,11.0,11.0,True,0.0,0.0,0.0,False,False
P2,18,250,11.0,11.0,True,0.0,0.0,0.0,False,False
P2,18,500,10.0,11.0,False,0.0001712912586644811,0.0001712912586644811,0.00010800367923757572,False,False
P2,18,1000,10.0,11.0,False,0.0001712912586644811,0.0001712912586644811,0.00010800367923757572,False,False
P2,18,2000,10.0,11.0,False,0.0001712912586644811,0.0001712912586644811,0.00010800367923757572,False,False
P2,18,4000,10.0,11.0,False,0.0001712912586644811,0.0001712912586644811,0.00010800367923757572,False,False
P2,18,8000,11.0,11.0,True,0.0,0.0,0.0,False,False
P2,19,250,10.0,11.0,False,0.00011347459817006317,0.00011347459817006317,0.00010707015341993843,False,False
P2,19,500,11.0,11.0,True,0.0,0.0,0.0,False,False
P2,19,1000,10.0,11.0,False,0.00011347459817006317,0.00011347459817006317,0.00010707015341993843,False,False
P2,19,2000,11.0,11.0,True,0.0,0.0,0.0,False,False
P2,19,4000,11.0,11.0,True,0.0,0.0,0.0,False,False
P2,19,8000,11.0,11.0,True,0.0,0.0,0.0,False,False
P2,20,250,11.0,11.0,True,0.0,0.0,0.0,False,False
P2,20,500,11.0,11.0,True,0.0,0.0,0.0,False,False
P2,20,1000,10.0,11.0,False,-0.00012730962599462296,0.0,9.96969669910247e-05,False,False
P2,20,2000,11.0,11.0,True,0.0,0.0,0.0,False,False
P2,20,4000,11.0,11.0,True,0.0,0.0,0.0,False,False
P2,20,8000,11.0,11.0,True,0.0,0.0,0.0,False,False
P2,21,250,11.0,11.0,True,0.0,0.0,0.0,False,False
P2,21,500,11.0,11.0,True,0.0,0.0,0.0,False,False
P2,21,1000,11.0,11.0,True,0.0,0.0,0.0,False,False
P2,21,2000,11.0,11.0,True,0.0,0.0,0.0,False,False
P2,21,4000,11.0,11.0,True,0.0,0.0,0.0,False,False
P2,21,8000,11.0,11.0,True,0.0,0.0,0.0,False,False
P2,22,250,11.0,10.0,False,-6.499969235044239e-05,0.0,0.00010924613209977544,False,False
P2,22,500,11.0,10.0,False,-6.499969235044239e-05,0.0,0.00010924613209977544,False,False
P2,22,1000,10.0,10.0,True,0.0,0.0,0.0,False,False
P2,22,2000,10.0,10.0,True,0.0,0.0,0.0,False,False
P2,22,4000,10.0,10.0,True,0.0,0.0,0.0,False,False
P2,22,8000,10.0,10.0,True,0.0,0.0,0.0,False,False
P2,23,250,10.0,11.0,False,5.8780494371426666e-05,5.8780494371426666e-05,0.00010462757776277019,False,False
P2,23,500,10.0,11.0,False,5.8780494371426666e-05,5.8780494371426666e-05,0.00010462757776277019,False,False
P2,23,1000,11.0,11.0,True,0.0,0.0,0.0,False,False
P2,23,2000,10.0,11.0,False,5.8780494371426666e-05,5.8780494371426666e-05,0.00010462757776277019,False,False
P2,23,4000,10.0,11.0,False,5.8780494371426666e-05,5.8780494371426666e-05,0.00010462757776277019,False,False
P2,23,8000,11.0,11.0,True,0.0,0.0,0.0,False,False
P2,24,250,10.0,10.0,True,0.0,0.0,0.0,False,False
P2,24,500,10.0,10.0,True,0.0,0.0,0.0,False,False
P2,24,1000,11.0,10.0,False,0.00013560830545931326,0.00013560830545931326,0.00010542994525847491,False,False
P2,24,2000,11.0,10.0,False,0.00013560830545931326,0.00013560830545931326,0.00010542994525847491,False,False
P2,24,4000,10.0,10.0,True,0.0,0.0,0.0,False,False
P2,24,8000,10.0,10.0,True,0.0,0.0,0.0,False,False
P2,25,250,11.0,10.0,False,0.00010727437536057857,0.00010727437536057857,0.00010226937637197419,False,False
P2,25,500,11.0,10.0,False,0.00010727437536057857,0.00010727437536057857,0.00010226937637197419,False,False
P2,25,1000,11.0,10.0,False,0.00010727437536057857,0.00010727437536057857,0.00010226937637197419,False,False
P2,25,2000,11.0,10.0,False,0.00010727437536057857,0.00010727437536057857,0.00010226937637197419,False,False
P2,25,4000,11.0,10.0,False,0.00010727437536057857,0.00010727437536057857,0.00010226937637197419,False,False
P2,25,8000,10.0,10.0,True,0.0,0.0,0.0,False,False
P2,26,250,10.0,10.0,True,0.0,0.0,0.0,False,False
P2,26,500,10.0,10.0,True,0.0,0.0,0.0,False,False
P2,26,1000,10.0,10.0,True,0.0,0.0,0.0,False,False
P2,26,2000,10.0,10.0,True,0.0,0.0,0.0,False,False
P2,26,4000,10.0,10.0,True,0.0,0.0,0.0,False,False
P2,26,8000,10.0,10.0,True,0.0,0.0,0.0,False,False
P2,27,250,9.0,11.0,False,0.0008808572597529379,0.0008808572597529379,0.00020920083398019566,False,False
P2,27,500,10.0,11.0,False,-1.433956389866826e-05,0.0,0.00010373744440909763,False,False
P2,27,1000,10.0,11.0,False,-1.433956389866826e-05,0.0,0.00010373744440909763,False,False
P2,27,2000,10.0,11.0,False,-1.433956389866826e-05,0.0,0.00010373744440909763,False,False
P2,27,4000,10.0,11.0,False,-1.433956389866826e-05,0.0,0.00010373744440909763,False,False
P2,27,8000,11.0,11.0,True,0.0,0.0,0.0,False,False
P2,28,250,10.0,11.0,False,5.113769905671928e-06,5.113769905671928e-06,0.00010427966934066148,False,False
P2,28,500,11.0,11.0,True,0.0,0.0,0.0,False,False
P2,28,1000,11.0,11.0,True,0.0,0.0,0.0,False,False
P2,28,2000,11.0,11.0,True,0.0,0.0,0.0,False,False
P2,28,4000,11.0,11.0,True,0.0,0.0,0.0,False,False
P2,28,8000,11.0,11.0,True,0.0,0.0,0.0,False,False
P2,29,250,11.0,11.0,True,0.0,0.0,0.0,False,False
P2,29,500,11.0,11.0,True,0.0,0.0,0.0,False,False
P2,29,1000,11.0,11.0,True,0.0,0.0,0.0,False,False
P2,29,2000,11.0,11.0,True,0.0,0.0,0.0,False,False
P2,29,4000,11.0,11.0,True,0.0,0.0,0.0,False,False
P2,29,8000,11.0,11.0,True,0.0,0.0,0.0,False,False
P3,0,250,18.0,18.0,True,0.0,0.0,0.0,False,False
P3,0,500,18.0,18.0,True,0.0,0.0,0.0,False,False
P3,0,1000,18.0,18.0,True,0.0,0.0,0.0,False,False
P3,0,2000,18.0,18.0,True,0.0,0.0,0.0,False,False
P3,0,4000,18.0,18.0,True,0.0,0.0,0.0,False,False
P3,0,8000,18.0,18.0,True,0.0,0.0,0.0,False,False
P3,1,250,18.0,18.0,True,0.0,0.0,0.0,False,False
P3,1,500,18.0,18.0,True,0.0,0.0,0.0,False,False
P3,1,1000,18.0,18.0,True,0.0,0.0,0.0,False,False
P3,1,2000,18.0,18.0,True,0.0,0.0,0.0,False,False
P3,1,4000,18.0,18.0,True,0.0,0.0,0.0,False,False
P3,1,8000,18.0,18.0,True,0.0,0.0,0.0,False,False
P3,2,250,18.0,18.0,True,0.0,0.0,0.0,False,False
P3,2,500,18.0,18.0,True,0.0,0.0,0.0,False,False
P3,2,1000,18.0,18.0,True,0.0,0.0,0.0,False,False
P3,2,2000,18.0,18.0,True,0.0,0.0,0.0,False,False
P3,2,4000,18.0,18.0,True,0.0,0.0,0.0,False,False
P3,2,8000,18.0,18.0,True,0.0,0.0,0.0,False,False
P3,3,250,18.0,18.0,True,0.0,0.0,0.0,False,False
P3,3,500,18.0,18.0,True,0.0,0.0,0.0,False,False
P3,3,1000,18.0,18.0,True,0.0,0.0,0.0,False,False
P3,3,2000,18.0,18.0,True,0.0,0.0,0.0,False,False
P3,3,4000,18.0,18.0,True,0.0,0.0,0.0,False,False
P3,3,8000,18.0,18.0,True,0.0,0.0,0.0,False,False
P3,4,250,16.0,18.0,False,0.002226337443163772,0.002226337443163772,0.00022743138795996222,False,False
P3,4,500,18.0,18.0,True,0.0,0.0,0.0,False,False
P3,4,1000,18.0,18.0,True,0.0,0.0,0.0,False,False
P3,4,2000,18.0,18.0,True,0.0,0.0,0.0,False,False
P3,4,4000,18.0,18.0,True,0.0,0.0,0.0,False,False
P3,4,8000,18.0,18.0,True,0.0,0.0,0.0,False,False
P3,5,250,18.0,18.0,True,0.0,0.0,0.0,False,False
P3,5,500,18.0,18.0,True,0.0,0.0,0.0,False,False
P3,5,1000,18.0,18.0,True,0.0,0.0,0.0,False,False
P3,5,2000,18.0,18.0,True,0.0,0.0,0.0,False,False
P3,5,4000,18.0,18.0,True,0.0,0.0,0.0,False,False
P3,5,8000,18.0,18.0,True,0.0,0.0,0.0,False,False
P3,6,250,18.0,18.0,True,0.0,0.0,0.0,False,False
P3,6,500,18.0,18.0,True,0.0,0.0,0.0,False,False
P3,6,1000,18.0,18.0,True,0.0,0.0,0.0,False,False
P3,6,2000,18.0,18.0,True,0.0,0.0,0.0,False,False
P3,6,4000,18.0,18.0,True,0.0,0.0,0.0,False,False
P3,6,8000,18.0,18.0,True,0.0,0.0,0.0,False,False
P3,7,250,18.0,18.0,True,0.0,0.0,0.0,False,False
P3,7,500,18.0,18.0,True,0.0,0.0,0.0,False,False
P3,7,1000,18.0,18.0,True,0.0,0.0,0.0,False,False
P3,7,2000,18.0,18.0,True,0.0,0.0,0.0,False,False
P3,7,4000,18.0,18.0,True,0.0,0.0,0.0,False,False
P3,7,8000,18.0,18.0,True,0.0,0.0,0.0,False,False
P3,8,250,18.0,18.0,True,0.0,0.0,0.0,False,False
P3,8,500,18.0,18.0,True,0.0,0.0,0.0,False,False
P3,8,1000,18.0,18.0,True,0.0,0.0,0.0,False,False
P3,8,2000,18.0,18.0,True,0.0,0.0,0.0,False,False
P3,8,4000,18.0,18.0,True,0.0,0.0,0.0,False,False
P3,8,8000,18.0,18.0,True,0.0,0.0,0.0,False,False
P3,9,250,18.0,18.0,True,0.0,0.0,0.0,False,False
P3,9,500,18.0,18.0,True,0.0,0.0,0.0,False,False
P3,9,1000,18.0,18.0,True,0.0,0.0,0.0,False,False
P3,9,2000,18.0,18.0,True,0.0,0.0,0.0,False,False
P3,9,4000,18.0,18.0,True,0.0,0.0,0.0,False,False
P3,9,8000,18.0,18.0,True,0.0,0.0,0.0,False,False
P3,10,250,18.0,18.0,True,0.0,0.0,0.0,False,False
P3,10,500,18.0,18.0,True,0.0,0.0,0.0,False,False
P3,10,1000,18.0,18.0,True,0.0,0.0,0.0,False,False
P3,10,2000,18.0,18.0,True,0.0,0.0,0.0,False,False
P3,10,4000,18.0,18.0,True,0.0,0.0,0.0,False,False
P3,10,8000,18.0,18.0,True,0.0,0.0,0.0,False,False
P3,11,250,16.0,18.0,False,0.002905414614900945,0.002905414614900945,0.00019656465480558523,False,False
P3,11,500,18.0,18.0,True,0.0,0.0,0.0,False,False
P3,11,1000,18.0,18.0,True,0.0,0.0,0.0,False,False
P3,11,2000,18.0,18.0,True,0.0,0.0,0.0,False,False
P3,11,4000,18.0,18.0,True,0.0,0.0,0.0,False,False
P3,11,8000,18.0,18.0,True,0.0,0.0,0.0,False,False
P3,12,250,18.0,18.0,True,0.0,0.0,0.0,False,False
P3,12,500,18.0,18.0,True,0.0,0.0,0.0,False,False
P3,12,1000,18.0,18.0,True,0.0,0.0,0.0,False,False
P3,12,2000,18.0,18.0,True,0.0,0.0,0.0,False,False
P3,12,4000,18.0,18.0,True,0.0,0.0,0.0,False,False
P3,12,8000,18.0,18.0,True,0.0,0.0,0.0,False,False
P3,13,250,18.0,18.0,True,0.0,0.0,0.0,False,False
P3,13,500,18.0,18.0,True,0.0,0.0,0.0,False,False
P3,13,1000,18.0,18.0,True,0.0,0.0,0.0,False,False
P3,13,2000,18.0,18.0,True,0.0,0.0,0.0,False,False
P3,13,4000,18.0,18.0,True,0.0,0.0,0.0,False,False
P3,13,8000,18.0,18.0,True,0.0,0.0,0.0,False,False
P3,14,250,18.0,18.0,True,0.0,0.0,0.0,False,False
P3,14,500,18.0,18.0,True,0.0,0.0,0.0,False,False
P3,14,1000,18.0,18.0,True,0.0,0.0,0.0,False,False
P3,14,2000,18.0,18.0,True,0.0,0.0,0.0,False,False
P3,14,4000,18.0,18.0,True,0.0,0.0,0.0,False,False
P3,14,8000,18.0,18.0,True,0.0,0.0,0.0,False,False
P3,15,250,18.0,18.0,True,0.0,0.0,0.0,False,False
P3,15,500,18.0,18.0,True,0.0,0.0,0.0,False,False
P3,15,1000,18.0,18.0,True,0.0,0.0,0.0,False,False
P3,15,2000,18.0,18.0,True,0.0,0.0,0.0,False,False
P3,15,4000,18.0,18.0,True,0.0,0.0,0.0,False,False
P3,15,8000,18.0,18.0,True,0.0,0.0,0.0,False,False
P3,16,250,18.0,18.0,True,0.0,0.0,0.0,False,False
P3,16,500,18.0,18.0,True,0.0,0.0,0.0,False,False
P3,16,1000,18.0,18.0,True,0.0,0.0,0.0,False,False
P3,16,2000,18.0,18.0,True,0.0,0.0,0.0,False,False
P3,16,4000,18.0,18.0,True,0.0,0.0,0.0,False,False
P3,16,8000,18.0,18.0,True,0.0,0.0,0.0,False,False
P3,17,250,18.0,18.0,True,0.0,0.0,0.0,False,False
P3,17,500,18.0,18.0,True,0.0,0.0,0.0,False,False
P3,17,1000,18.0,18.0,True,0.0,0.0,0.0,False,False
P3,17,2000,18.0,18.0,True,0.0,0.0,0.0,False,False
P3,17,4000,18.0,18.0,True,0.0,0.0,0.0,False,False
P3,17,8000,18.0,18.0,True,0.0,0.0,0.0,False,False
P3,18,250,18.0,18.0,True,0.0,0.0,0.0,False,False
P3,18,500,18.0,18.0,True,0.0,0.0,0.0,False,False
P3,18,1000,18.0,18.0,True,0.0,0.0,0.0,False,False
P3,18,2000,18.0,18.0,True,0.0,0.0,0.0,False,False
P3,18,4000,18.0,18.0,True,0.0,0.0,0.0,False,False
P3,18,8000,18.0,18.0,True,0.0,0.0,0.0,False,False
P3,19,250,18.0,18.0,True,0.0,0.0,0.0,False,False
P3,19,500,18.0,18.0,True,0.0,0.0,0.0,False,False
P3,19,1000,18.0,18.0,True,0.0,0.0,0.0,False,False
P3,19,2000,18.0,18.0,True,0.0,0.0,0.0,False,False
P3,19,4000,18.0,18.0,True,0.0,0.0,0.0,False,False
P3,19,8000,18.0,18.0,True,0.0,0.0,0.0,False,False
P3,20,250,18.0,18.0,True,0.0,0.0,0.0,False,False
P3,20,500,18.0,18.0,True,0.0,0.0,0.0,False,False
P3,20,1000,18.0,18.0,True,0.0,0.0,0.0,False,False
P3,20,2000,18.0,18.0,True,0.0,0.0,0.0,False,False
P3,20,4000,18.0,18.0,True,0.0,0.0,0.0,False,False
P3,20,8000,18.0,18.0,True,0.0,0.0,0.0,False,False
P3,21,250,18.0,18.0,True,0.0,0.0,0.0,False,False
P3,21,500,18.0,18.0,True,0.0,0.0,0.0,False,False
P3,21,1000,18.0,18.0,True,0.0,0.0,0.0,False,False
P3,21,2000,18.0,18.0,True,0.0,0.0,0.0,False,False
P3,21,4000,18.0,18.0,True,0.0,0.0,0.0,False,False
P3,21,8000,18.0,18.0,True,0.0,0.0,0.0,False,False
P3,22,250,18.0,18.0,True,0.0,0.0,0.0,False,False
P3,22,500,18.0,18.0,True,0.0,0.0,0.0,False,False
P3,22,1000,18.0,18.0,True,0.0,0.0,0.0,False,False
P3,22,2000,18.0,18.0,True,0.0,0.0,0.0,False,False
P3,22,4000,18.0,18.0,True,0.0,0.0,0.0,False,False
P3,22,8000,18.0,18.0,True,0.0,0.0,0.0,False,False
P3,23,250,18.0,18.0,True,0.0,0.0,0.0,False,False
P3,23,500,18.0,18.0,True,0.0,0.0,0.0,False,False
P3,23,1000,18.0,18.0,True,0.0,0.0,0.0,False,False
P3,23,2000,18.0,18.0,True,0.0,0.0,0.0,False,False
P3,23,4000,18.0,18.0,True,0.0,0.0,0.0,False,False
P3,23,8000,18.0,18.0,True,0.0,0.0,0.0,False,False
P3,24,250,18.0,18.0,True,0.0,0.0,0.0,False,False
P3,24,500,18.0,18.0,True,0.0,0.0,0.0,False,False
P3,24,1000,18.0,18.0,True,0.0,0.0,0.0,False,False
P3,24,2000,18.0,18.0,True,0.0,0.0,0.0,False,False
P3,24,4000,18.0,18.0,True,0.0,0.0,0.0,False,False
P3,24,8000,18.0,18.0,True,0.0,0.0,0.0,False,False
P3,25,250,18.0,18.0,True,0.0,0.0,0.0,False,False
P3,25,500,18.0,18.0,True,0.0,0.0,0.0,False,False
P3,25,1000,18.0,18.0,True,0.0,0.0,0.0,False,False
P3,25,2000,18.0,18.0,True,0.0,0.0,0.0,False,False
P3,25,4000,18.0,18.0,True,0.0,0.0,0.0,False,False
P3,25,8000,18.0,18.0,True,0.0,0.0,0.0,False,False
P3,26,250,18.0,18.0,True,0.0,0.0,0.0,False,False
P3,26,500,18.0,18.0,True,0.0,0.0,0.0,False,False
P3,26,1000,18.0,18.0,True,0.0,0.0,0.0,False,False
P3,26,2000,18.0,18.0,True,0.0,0.0,0.0,False,False
P3,26,4000,18.0,18.0,True,0.0,0.0,0.0,False,False
P3,26,8000,18.0,18.0,True,0.0,0.0,0.0,False,False
P3,27,250,18.0,18.0,True,0.0,0.0,0.0,False,False
P3,27,500,18.0,18.0,True,0.0,0.0,0.0,False,False
P3,27,1000,18.0,18.0,True,0.0,0.0,0.0,False,False
P3,27,2000,18.0,18.0,True,0.0,0.0,0.0,False,False
P3,27,4000,18.0,18.0,True,0.0,0.0,0.0,False,False
P3,27,8000,18.0,18.0,True,0.0,0.0,0.0,False,False
P3,28,250,18.0,18.0,True,0.0,0.0,0.0,False,False
P3,28,500,18.0,18.0,True,0.0,0.0,0.0,False,False
P3,28,1000,18.0,18.0,True,0.0,0.0,0.0,False,False
P3,28,2000,18.0,18.0,True,0.0,0.0,0.0,False,False
P3,28,4000,18.0,18.0,True,0.0,0.0,0.0,False,False
P3,28,8000,18.0,18.0,True,0.0,0.0,0.0,False,False
P3,29,250,18.0,18.0,True,0.0,0.0,0.0,False,False
P3,29,500,18.0,18.0,True,0.0,0.0,0.0,False,False
P3,29,1000,18.0,18.0,True,0.0,0.0,0.0,False,False
P3,29,2000,18.0,18.0,True,0.0,0.0,0.0,False,False
P3,29,4000,18.0,18.0,True,0.0,0.0,0.0,False,False
P3,29,8000,18.0,18.0,True,0.0,0.0,0.0,False,False
P4,0,250,0.0,0.0,True,0.0,0.0,0.0,True,False
P4,0,500,0.0,0.0,True,0.0,0.0,0.0,True,False
P4,0,1000,0.0,0.0,True,0.0,0.0,0.0,True,False
P4,0,2000,0.0,0.0,True,0.0,0.0,0.0,True,False
P4,0,4000,0.0,0.0,True,0.0,0.0,0.0,True,False
P4,0,8000,0.0,0.0,True,0.0,0.0,0.0,True,False
P4,1,250,0.0,0.0,True,0.0,0.0,0.0,True,False
P4,1,500,0.0,0.0,True,0.0,0.0,0.0,True,False
P4,1,1000,0.0,0.0,True,0.0,0.0,0.0,True,False
P4,1,2000,0.0,0.0,True,0.0,0.0,0.0,True,False
P4,1,4000,0.0,0.0,True,0.0,0.0,0.0,True,False
P4,1,8000,0.0,0.0,True,0.0,0.0,0.0,True,False
P4,2,250,0.0,0.0,True,0.0,0.0,0.0,True,False
P4,2,500,0.0,0.0,True,0.0,0.0,0.0,True,False
P4,2,1000,0.0,0.0,True,0.0,0.0,0.0,True,False
P4,2,2000,0.0,0.0,True,0.0,0.0,0.0,True,False
P4,2,4000,0.0,0.0,True,0.0,0.0,0.0,True,False
P4,2,8000,0.0,0.0,True,0.0,0.0,0.0,True,False
P4,3,250,0.0,0.0,True,0.0,0.0,0.0,True,False
P4,3,500,0.0,0.0,True,0.0,0.0,0.0,True,False
P4,3,1000,0.0,0.0,True,0.0,0.0,0.0,True,False
P4,3,2000,0.0,0.0,True,0.0,0.0,0.0,True,False
P4,3,4000,0.0,0.0,True,0.0,0.0,0.0,True,False
P4,3,8000,0.0,0.0,True,0.0,0.0,0.0,True,False
P4,4,250,0.0,0.0,True,0.0,0.0,0.0,True,False
P4,4,500,0.0,0.0,True,0.0,0.0,0.0,True,False
P4,4,1000,0.0,0.0,True,0.0,0.0,0.0,True,False
P4,4,2000,0.0,0.0,True,0.0,0.0,0.0,True,False
P4,4,4000,0.0,0.0,True,0.0,0.0,0.0,True,False
P4,4,8000,0.0,0.0,True,0.0,0.0,0.0,True,False
P4,5,250,0.0,0.0,True,0.0,0.0,0.0,True,False
P4,5,500,0.0,0.0,True,0.0,0.0,0.0,True,False
P4,5,1000,0.0,0.0,True,0.0,0.0,0.0,True,False
P4,5,2000,0.0,0.0,True,0.0,0.0,0.0,True,False
P4,5,4000,0.0,0.0,True,0.0,0.0,0.0,True,False
P4,5,8000,0.0,0.0,True,0.0,0.0,0.0,True,False
P4,6,250,0.0,0.0,True,0.0,0.0,0.0,True,False
P4,6,500,0.0,0.0,True,0.0,0.0,0.0,True,False
P4,6,1000,0.0,0.0,True,0.0,0.0,0.0,True,False
P4,6,2000,0.0,0.0,True,0.0,0.0,0.0,True,False
P4,6,4000,0.0,0.0,True,0.0,0.0,0.0,True,False
P4,6,8000,0.0,0.0,True,0.0,0.0,0.0,True,False
P4,7,250,0.0,0.0,True,0.0,0.0,0.0,True,False
P4,7,500,0.0,0.0,True,0.0,0.0,0.0,True,False
P4,7,1000,0.0,0.0,True,0.0,0.0,0.0,True,False
P4,7,2000,0.0,0.0,True,0.0,0.0,0.0,True,False
P4,7,4000,0.0,0.0,True,0.0,0.0,0.0,True,False
P4,7,8000,0.0,0.0,True,0.0,0.0,0.0,True,False
P4,8,250,0.0,0.0,True,0.0,0.0,0.0,True,False
P4,8,500,0.0,0.0,True,0.0,0.0,0.0,True,False
P4,8,1000,0.0,0.0,True,0.0,0.0,0.0,True,False
P4,8,2000,0.0,0.0,True,0.0,0.0,0.0,True,False
P4,8,4000,0.0,0.0,True,0.0,0.0,0.0,True,False
P4,8,8000,0.0,0.0,True,0.0,0.0,0.0,True,False
P4,9,250,0.0,0.0,True,0.0,0.0,0.0,True,False
P4,9,500,0.0,0.0,True,0.0,0.0,0.0,True,False
P4,9,1000,0.0,0.0,True,0.0,0.0,0.0,True,False
P4,9,2000,0.0,0.0,True,0.0,0.0,0.0,True,False
P4,9,4000,0.0,0.0,True,0.0,0.0,0.0,True,False
P4,9,8000,0.0,0.0,True,0.0,0.0,0.0,True,False
P4,10,250,0.0,0.0,True,0.0,0.0,0.0,True,False
P4,10,500,0.0,0.0,True,0.0,0.0,0.0,True,False
P4,10,1000,0.0,0.0,True,0.0,0.0,0.0,True,False
P4,10,2000,0.0,0.0,True,0.0,0.0,0.0,True,False
P4,10,4000,0.0,0.0,True,0.0,0.0,0.0,True,False
P4,10,8000,0.0,0.0,True,0.0,0.0,0.0,True,False
P4,11,250,0.0,0.0,True,0.0,0.0,0.0,True,False
P4,11,500,0.0,0.0,True,0.0,0.0,0.0,True,False
P4,11,1000,0.0,0.0,True,0.0,0.0,0.0,True,False
P4,11,2000,0.0,0.0,True,0.0,0.0,0.0,True,False
P4,11,4000,0.0,0.0,True,0.0,0.0,0.0,True,False
P4,11,8000,0.0,0.0,True,0.0,0.0,0.0,True,False
P4,12,250,0.0,0.0,True,0.0,0.0,0.0,True,False
P4,12,500,0.0,0.0,True,0.0,0.0,0.0,True,False
P4,12,1000,0.0,0.0,True,0.0,0.0,0.0,True,False
P4,12,2000,0.0,0.0,True,0.0,0.0,0.0,True,False
P4,12,4000,0.0,0.0,True,0.0,0.0,0.0,True,False
P4,12,8000,0.0,0.0,True,0.0,0.0,0.0,True,False
P4,13,250,0.0,0.0,True,0.0,0.0,0.0,True,False
P4,13,500,0.0,0.0,True,0.0,0.0,0.0,True,False
P4,13,1000,0.0,0.0,True,0.0,0.0,0.0,True,False
P4,13,2000,0.0,0.0,True,0.0,0.0,0.0,True,False
P4,13,4000,0.0,0.0,True,0.0,0.0,0.0,True,False
P4,13,8000,0.0,0.0,True,0.0,0.0,0.0,True,False
P4,14,250,0.0,0.0,True,0.0,0.0,0.0,True,False
P4,14,500,0.0,0.0,True,0.0,0.0,0.0,True,False
P4,14,1000,0.0,0.0,True,0.0,0.0,0.0,True,False
P4,14,2000,0.0,0.0,True,0.0,0.0,0.0,True,False
P4,14,4000,0.0,0.0,True,0.0,0.0,0.0,True,False
P4,14,8000,0.0,0.0,True,0.0,0.0,0.0,True,False
P4,15,250,0.0,0.0,True,0.0,0.0,0.0,True,False
P4,15,500,0.0,0.0,True,0.0,0.0,0.0,True,False
P4,15,1000,0.0,0.0,True,0.0,0.0,0.0,True,False
P4,15,2000,0.0,0.0,True,0.0,0.0,0.0,True,False
P4,15,4000,0.0,0.0,True,0.0,0.0,0.0,True,False
P4,15,8000,0.0,0.0,True,0.0,0.0,0.0,True,False
P4,16,250,0.0,0.0,True,0.0,0.0,0.0,True,False
P4,16,500,0.0,0.0,True,0.0,0.0,0.0,True,False
P4,16,1000,0.0,0.0,True,0.0,0.0,0.0,True,False
P4,16,2000,0.0,0.0,True,0.0,0.0,0.0,True,False
P4,16,4000,0.0,0.0,True,0.0,0.0,0.0,True,False
P4,16,8000,0.0,0.0,True,0.0,0.0,0.0,True,False
P4,17,250,0.0,0.0,True,0.0,0.0,0.0,True,False
P4,17,500,0.0,0.0,True,0.0,0.0,0.0,True,False
P4,17,1000,0.0,0.0,True,0.0,0.0,0.0,True,False
P4,17,2000,0.0,0.0,True,0.0,0.0,0.0,True,False
P4,17,4000,0.0,0.0,True,0.0,0.0,0.0,True,False
P4,17,8000,0.0,0.0,True,0.0,0.0,0.0,True,False
P4,18,250,0.0,0.0,True,0.0,0.0,0.0,True,False
P4,18,500,0.0,0.0,True,0.0,0.0,0.0,True,False
P4,18,1000,0.0,0.0,True,0.0,0.0,0.0,True,False
P4,18,2000,0.0,0.0,True,0.0,0.0,0.0,True,False
P4,18,4000,0.0,0.0,True,0.0,0.0,0.0,True,False
P4,18,8000,0.0,0.0,True,0.0,0.0,0.0,True,False
P4,19,250,0.0,0.0,True,0.0,0.0,0.0,True,False
P4,19,500,0.0,0.0,True,0.0,0.0,0.0,True,False
P4,19,1000,0.0,0.0,True,0.0,0.0,0.0,True,False
P4,19,2000,0.0,0.0,True,0.0,0.0,0.0,True,False
P4,19,4000,0.0,0.0,True,0.0,0.0,0.0,True,False
P4,19,8000,0.0,0.0,True,0.0,0.0,0.0,True,False
P4,20,250,0.0,0.0,True,0.0,0.0,0.0,True,False
P4,20,500,0.0,0.0,True,0.0,0.0,0.0,True,False
P4,20,1000,0.0,0.0,True,0.0,0.0,0.0,True,False
P4,20,2000,0.0,0.0,True,0.0,0.0,0.0,True,False
P4,20,4000,0.0,0.0,True,0.0,0.0,0.0,True,False
P4,20,8000,0.0,0.0,True,0.0,0.0,0.0,True,False
P4,21,250,0.0,0.0,True,0.0,0.0,0.0,True,False
P4,21,500,0.0,0.0,True,0.0,0.0,0.0,True,False
P4,21,1000,0.0,0.0,True,0.0,0.0,0.0,True,False
P4,21,2000,0.0,0.0,True,0.0,0.0,0.0,True,False
P4,21,4000,0.0,0.0,True,0.0,0.0,0.0,True,False
P4,21,8000,0.0,0.0,True,0.0,0.0,0.0,True,False
P4,22,250,0.0,0.0,True,0.0,0.0,0.0,True,False
P4,22,500,0.0,0.0,True,0.0,0.0,0.0,True,False
P4,22,1000,0.0,0.0,True,0.0,0.0,0.0,True,False
P4,22,2000,0.0,0.0,True,0.0,0.0,0.0,True,False
P4,22,4000,0.0,0.0,True,0.0,0.0,0.0,True,False
P4,22,8000,0.0,0.0,True,0.0,0.0,0.0,True,False
P4,23,250,0.0,0.0,True,0.0,0.0,0.0,True,False
P4,23,500,0.0,0.0,True,0.0,0.0,0.0,True,False
P4,23,1000,0.0,0.0,True,0.0,0.0,0.0,True,False
P4,23,2000,0.0,0.0,True,0.0,0.0,0.0,True,False
P4,23,4000,0.0,0.0,True,0.0,0.0,0.0,True,False
P4,23,8000,0.0,0.0,True,0.0,0.0,0.0,True,False
P4,24,250,0.0,0.0,True,0.0,0.0,0.0,True,False
P4,24,500,0.0,0.0,True,0.0,0.0,0.0,True,False
P4,24,1000,0.0,0.0,True,0.0,0.0,0.0,True,False
P4,24,2000,0.0,0.0,True,0.0,0.0,0.0,True,False
P4,24,4000,0.0,0.0,True,0.0,0.0,0.0,True,False
P4,24,8000,0.0,0.0,True,0.0,0.0,0.0,True,False
P4,25,250,0.0,0.0,True,0.0,0.0,0.0,True,False
P4,25,500,0.0,0.0,True,0.0,0.0,0.0,True,False
P4,25,1000,0.0,0.0,True,0.0,0.0,0.0,True,False
P4,25,2000,0.0,0.0,True,0.0,0.0,0.0,True,False
P4,25,4000,0.0,0.0,True,0.0,0.0,0.0,True,False
P4,25,8000,0.0,0.0,True,0.0,0.0,0.0,True,False
P4,26,250,0.0,0.0,True,0.0,0.0,0.0,True,False
P4,26,500,0.0,0.0,True,0.0,0.0,0.0,True,False
P4,26,1000,0.0,0.0,True,0.0,0.0,0.0,True,False
P4,26,2000,0.0,0.0,True,0.0,0.0,0.0,True,False
P4,26,4000,0.0,0.0,True,0.0,0.0,0.0,True,False
P4,26,8000,0.0,0.0,True,0.0,0.0,0.0,True,False
P4,27,250,0.0,0.0,True,0.0,0.0,0.0,True,False
P4,27,500,0.0,0.0,True,0.0,0.0,0.0,True,False
P4,27,1000,0.0,0.0,True,0.0,0.0,0.0,True,False
P4,27,2000,0.0,0.0,True,0.0,0.0,0.0,True,False
P4,27,4000,0.0,0.0,True,0.0,0.0,0.0,True,False
P4,27,8000,0.0,0.0,True,0.0,0.0,0.0,True,False
P4,28,250,0.0,0.0,True,0.0,0.0,0.0,True,False
P4,28,500,0.0,0.0,True,0.0,0.0,0.0,True,False
P4,28,1000,0.0,0.0,True,0.0,0.0,0.0,True,False
P4,28,2000,0.0,0.0,True,0.0,0.0,0.0,True,False
P4,28,4000,0.0,0.0,True,0.0,0.0,0.0,True,False
P4,28,8000,0.0,0.0,True,0.0,0.0,0.0,True,False
P4,29,250,0.0,0.0,True,0.0,0.0,0.0,True,False
P4,29,500,0.0,0.0,True,0.0,0.0,0.0,True,False
P4,29,1000,0.0,0.0,True,0.0,0.0,0.0,True,False
P4,29,2000,0.0,0.0,True,0.0,0.0,0.0,True,False
P4,29,4000,0.0,0.0,True,0.0,0.0,0.0,True,False
P4,29,8000,0.0,0.0,True,0.0,0.0,0.0,True,False
P5,0,250,18.0,18.0,True,0.0,0.0,0.0,False,False
P5,0,500,16.0,18.0,False,9.066127533060875e-05,9.066127533060875e-05,4.560556683916734e-05,False,False
P5,0,1000,18.0,18.0,True,0.0,0.0,0.0,False,False
P5,0,2000,18.0,18.0,True,0.0,0.0,0.0,False,False
P5,0,4000,18.0,18.0,True,0.0,0.0,0.0,False,False
P5,0,8000,18.0,18.0,True,0.0,0.0,0.0,False,False
P5,1,250,18.0,18.0,True,0.0,0.0,0.0,False,False
P5,1,500,18.0,18.0,True,0.0,0.0,0.0,False,False
P5,1,1000,18.0,18.0,True,0.0,0.0,0.0,False,False
P5,1,2000,18.0,18.0,True,0.0,0.0,0.0,False,False
P5,1,4000,18.0,18.0,True,0.0,0.0,0.0,False,False
P5,1,8000,18.0,18.0,True,0.0,0.0,0.0,False,False
P5,2,250,16.0,18.0,False,-7.237214119601033e-05,0.0,4.940340713054271e-05,False,False
P5,2,500,16.0,18.0,False,-7.237214119601033e-05,0.0,4.940340713054271e-05,False,False
P5,2,1000,16.0,18.0,False,-7.237214119601033e-05,0.0,4.940340713054271e-05,False,False
P5,2,2000,18.0,18.0,True,0.0,0.0,0.0,False,False
P5,2,4000,18.0,18.0,True,0.0,0.0,0.0,False,False
P5,2,8000,18.0,18.0,True,0.0,0.0,0.0,False,False
P5,3,250,16.0,18.0,False,0.0001376094400584066,0.0001376094400584066,4.736203479223686e-05,False,False
P5,3,500,18.0,18.0,True,0.0,0.0,0.0,False,False
P5,3,1000,16.0,18.0,False,0.0001376094400584066,0.0001376094400584066,4.736203479223686e-05,False,False
P5,3,2000,18.0,18.0,True,0.0,0.0,0.0,False,False
P5,3,4000,18.0,18.0,True,0.0,0.0,0.0,False,False
P5,3,8000,18.0,18.0,True,0.0,0.0,0.0,False,False
P5,4,250,18.0,16.0,False,-8.612434169430054e-05,0.0,4.745194542031138e-05,False,False
P5,4,500,16.0,16.0,True,0.0,0.0,0.0,False,False
P5,4,1000,16.0,16.0,True,0.0,0.0,0.0,False,False
P5,4,2000,16.0,16.0,True,0.0,0.0,0.0,False,False
P5,4,4000,16.0,16.0,True,0.0,0.0,0.0,False,False
P5,4,8000,16.0,16.0,True,0.0,0.0,0.0,False,False
P5,5,250,18.0,16.0,False,2.2122572604160087e-05,2.2122572604160087e-05,4.810702131775962e-05,False,False
P5,5,500,18.0,16.0,False,2.2122572604160087e-05,2.2122572604160087e-05,4.810702131775962e-05,False,False
P5,5,1000,16.0,16.0,True,0.0,0.0,0.0,False,False
P5,5,2000,16.0,16.0,True,0.0,0.0,0.0,False,False
P5,5,4000,16.0,16.0,True,0.0,0.0,0.0,False,False
P5,5,8000,16.0,16.0,True,0.0,0.0,0.0,False,False
P5,6,250,16.0,18.0,False,0.00016642932776818583,0.00016642932776818583,4.3320115265973895e-05,False,False
P5,6,500,16.0,18.0,False,0.00016642932776818583,0.00016642932776818583,4.3320115265973895e-05,False,False
P5,6,1000,18.0,18.0,True,0.0,0.0,0.0,False,False
P5,6,2000,18.0,18.0,True,0.0,0.0,0.0,False,False
P5,6,4000,18.0,18.0,True,0.0,0.0,0.0,False,False
P5,6,8000,18.0,18.0,True,0.0,0.0,0.0,False,False
P5,7,250,16.0,18.0,False,3.344330903626441e-05,3.344330903626441e-05,4.6349763683203284e-05,False,False
P5,7,500,18.0,18.0,True,0.0,0.0,0.0,False,False
P5,7,1000,18.0,18.0,True,0.0,0.0,0.0,False,False
P5,7,2000,18.0,18.0,True,0.0,0.0,0.0,False,False
P5,7,4000,18.0,18.0,True,0.0,0.0,0.0,False,False
P5,7,8000,18.0,18.0,True,0.0,0.0,0.0,False,False
P5,8,250,18.0,18.0,True,0.0,0.0,0.0,False,False
P5,8,500,18.0,18.0,True,0.0,0.0,0.0,False,False
P5,8,1000,18.0,18.0,True,0.0,0.0,0.0,False,False
P5,8,2000,18.0,18.0,True,0.0,0.0,0.0,False,False
P5,8,4000,18.0,18.0,True,0.0,0.0,0.0,False,False
P5,8,8000,18.0,18.0,True,0.0,0.0,0.0,False,False
P5,9,250,18.0,18.0,True,0.0,0.0,0.0,False,False
P5,9,500,18.0,18.0,True,0.0,0.0,0.0,False,False
P5,9,1000,18.0,18.0,True,0.0,0.0,0.0,False,False
P5,9,2000,18.0,18.0,True,0.0,0.0,0.0,False,False
P5,9,4000,18.0,18.0,True,0.0,0.0,0.0,False,False
P5,9,8000,18.0,18.0,True,0.0,0.0,0.0,False,False
P5,10,250,18.0,18.0,True,0.0,0.0,0.0,False,False
P5,10,500,18.0,18.0,True,0.0,0.0,0.0,False,False
P5,10,1000,16.0,18.0,False,-1.1033595553063697e-05,0.0,4.6433163801345474e-05,False,False
P5,10,2000,16.0,18.0,False,-1.1033595553063697e-05,0.0,4.6433163801345474e-05,False,False
P5,10,4000,18.0,18.0,True,0.0,0.0,0.0,False,False
P5,10,8000,18.0,18.0,True,0.0,0.0,0.0,False,False
P5,11,250,18.0,18.0,True,0.0,0.0,0.0,False,False
P5,11,500,18.0,18.0,True,0.0,0.0,0.0,False,False
P5,11,1000,18.0,18.0,True,0.0,0.0,0.0,False,False
P5,11,2000,18.0,18.0,True,0.0,0.0,0.0,False,False
P5,11,4000,18.0,18.0,True,0.0,0.0,0.0,False,False
P5,11,8000,18.0,18.0,True,0.0,0.0,0.0,False,False
P5,12,250,18.0,18.0,True,0.0,0.0,0.0,False,False
P5,12,500,18.0,18.0,True,0.0,0.0,0.0,False,False
P5,12,1000,16.0,18.0,False,0.00016030507631911172,0.00016030507631911172,4.477453203642551e-05,False,False
P5,12,2000,18.0,18.0,True,0.0,0.0,0.0,False,False
P5,12,4000,18.0,18.0,True,0.0,0.0,0.0,False,False
P5,12,8000,18.0,18.0,True,0.0,0.0,0.0,False,False
P5,13,250,16.0,18.0,False,6.0276424126785847e-05,6.0276424126785847e-05,4.747599466252105e-05,False,False
P5,13,500,16.0,18.0,False,6.0276424126785847e-05,6.0276424126785847e-05,4.747599466252105e-05,False,False
P5,13,1000,18.0,18.0,True,0.0,0.0,0.0,False,False
P5,13,2000,18.0,18.0,True,0.0,0.0,0.0,False,False
P5,13,4000,18.0,18.0,True,0.0,0.0,0.0,False,False
P5,13,8000,18.0,18.0,True,0.0,0.0,0.0,False,False
P5,14,250,18.0,18.0,True,0.0,0.0,0.0,False,False
P5,14,500,18.0,18.0,True,0.0,0.0,0.0,False,False
P5,14,1000,18.0,18.0,True,0.0,0.0,0.0,False,False
P5,14,2000,18.0,18.0,True,0.0,0.0,0.0,False,False
P5,14,4000,18.0,18.0,True,0.0,0.0,0.0,False,False
P5,14,8000,18.0,18.0,True,0.0,0.0,0.0,False,False
P5,15,250,18.0,18.0,True,0.0,0.0,0.0,False,False
P5,15,500,18.0,18.0,True,0.0,0.0,0.0,False,False
P5,15,1000,18.0,18.0,True,0.0,0.0,0.0,False,False
P5,15,2000,18.0,18.0,True,0.0,0.0,0.0,False,False
P5,15,4000,18.0,18.0,True,0.0,0.0,0.0,False,False
P5,15,8000,18.0,18.0,True,0.0,0.0,0.0,False,False
P5,16,250,16.0,16.0,True,0.0,0.0,0.0,False,False
P5,16,500,16.0,16.0,True,0.0,0.0,0.0,False,False
P5,16,1000,16.0,16.0,True,0.0,0.0,0.0,False,False
P5,16,2000,16.0,16.0,True,0.0,0.0,0.0,False,False
P5,16,4000,16.0,16.0,True,0.0,0.0,0.0,False,False
P5,16,8000,16.0,16.0,True,0.0,0.0,0.0,False,False
P5,17,250,18.0,18.0,True,0.0,0.0,0.0,False,False
P5,17,500,18.0,18.0,True,0.0,0.0,0.0,False,False
P5,17,1000,18.0,18.0,True,0.0,0.0,0.0,False,False
P5,17,2000,18.0,18.0,True,0.0,0.0,0.0,False,False
P5,17,4000,18.0,18.0,True,0.0,0.0,0.0,False,False
P5,17,8000,18.0,18.0,True,0.0,0.0,0.0,False,False
P5,18,250,16.0,16.0,True,0.0,0.0,0.0,False,False
P5,18,500,16.0,16.0,True,0.0,0.0,0.0,False,False
P5,18,1000,16.0,16.0,True,0.0,0.0,0.0,False,False
P5,18,2000,16.0,16.0,True,0.0,0.0,0.0,False,False
P5,18,4000,16.0,16.0,True,0.0,0.0,0.0,False,False
P5,18,8000,16.0,16.0,True,0.0,0.0,0.0,False,False
P5,19,250,16.0,16.0,True,0.0,0.0,0.0,False,False
P5,19,500,18.0,16.0,False,-3.2049449343339925e-05,0.0,4.7420171544898915e-05,False,False
P5,19,1000,16.0,16.0,True,0.0,0.0,0.0,False,False
P5,19,2000,16.0,16.0,True,0.0,0.0,0.0,False,False
P5,19,4000,18.0,16.0,False,-3.2049449343339925e-05,0.0,4.7420171544898915e-05,False,False
P5,19,8000,16.0,16.0,True,0.0,0.0,0.0,False,False
P5,20,250,18.0,18.0,True,0.0,0.0,0.0,False,False
P5,20,500,18.0,18.0,True,0.0,0.0,0.0,False,False
P5,20,1000,18.0,18.0,True,0.0,0.0,0.0,False,False
P5,20,2000,18.0,18.0,True,0.0,0.0,0.0,False,False
P5,20,4000,18.0,18.0,True,0.0,0.0,0.0,False,False
P5,20,8000,18.0,18.0,True,0.0,0.0,0.0,False,False
P5,21,250,16.0,18.0,False,0.0001560002760565872,0.0001560002760565872,4.6314887807692384e-05,False,False
P5,21,500,18.0,18.0,True,0.0,0.0,0.0,False,False
P5,21,1000,18.0,18.0,True,0.0,0.0,0.0,False,False
P5,21,2000,18.0,18.0,True,0.0,0.0,0.0,False,False
P5,21,4000,18.0,18.0,True,0.0,0.0,0.0,False,False
P5,21,8000,18.0,18.0,True,0.0,0.0,0.0,False,False
P5,22,250,16.0,16.0,True,0.0,0.0,0.0,False,False
P5,22,500,18.0,16.0,False,-1.996410816847053e-06,0.0,4.713168961256891e-05,False,False
P5,22,1000,18.0,16.0,False,-1.996410816847053e-06,0.0,4.713168961256891e-05,False,False
P5,22,2000,16.0,16.0,True,0.0,0.0,0.0,False,False
P5,22,4000,18.0,16.0,False,-1.996410816847053e-06,0.0,4.713168961256891e-05,False,False
P5,22,8000,16.0,16.0,True,0.0,0.0,0.0,False,False
P5,23,250,16.0,18.0,False,5.4469532162379806e-05,5.4469532162379806e-05,4.390174819409048e-05,False,False
P5,23,500,16.0,18.0,False,5.4469532162379806e-05,5.4469532162379806e-05,4.390174819409048e-05,False,False
P5,23,1000,18.0,18.0,True,0.0,0.0,0.0,False,False
P5,23,2000,18.0,18.0,True,0.0,0.0,0.0,False,False
P5,23,4000,18.0,18.0,True,0.0,0.0,0.0,False,False
P5,23,8000,18.0,18.0,True,0.0,0.0,0.0,False,False
P5,24,250,16.0,18.0,False,1.352480695553724e-05,1.352480695553724e-05,4.908950280235475e-05,False,False
P5,24,500,16.0,18.0,False,1.352480695553724e-05,1.352480695553724e-05,4.908950280235475e-05,False,False
P5,24,1000,16.0,18.0,False,1.352480695553724e-05,1.352480695553724e-05,4.908950280235475e-05,False,False
P5,24,2000,16.0,18.0,False,1.352480695553724e-05,1.352480695553724e-05,4.908950280235475e-05,False,False
P5,24,4000,18.0,18.0,True,0.0,0.0,0.0,False,False
P5,24,8000,18.0,18.0,True,0.0,0.0,0.0,False,False
P5,25,250,18.0,18.0,True,0.0,0.0,0.0,False,False
P5,25,500,18.0,18.0,True,0.0,0.0,0.0,False,False
P5,25,1000,18.0,18.0,True,0.0,0.0,0.0,False,False
P5,25,2000,18.0,18.0,True,0.0,0.0,0.0,False,False
P5,25,4000,18.0,18.0,True,0.0,0.0,0.0,False,False
P5,25,8000,18.0,18.0,True,0.0,0.0,0.0,False,False
P5,26,250,16.0,18.0,False,2.5485624121208937e-06,2.5485624121208937e-06,4.6271309468573954e-05,False,False
P5,26,500,16.0,18.0,False,2.5485624121208937e-06,2.5485624121208937e-06,4.6271309468573954e-05,False,False
P5,26,1000,18.0,18.0,True,0.0,0.0,0.0,False,False
P5,26,2000,18.0,18.0,True,0.0,0.0,0.0,False,False
P5,26,4000,18.0,18.0,True,0.0,0.0,0.0,False,False
P5,26,8000,18.0,18.0,True,0.0,0.0,0.0,False,False
P5,27,250,16.0,18.0,False,0.0001653554478249582,0.0001653554478249582,4.4280126798032993e-05,False,False
P5,27,500,18.0,18.0,True,0.0,0.0,0.0,False,False
P5,27,1000,18.0,18.0,True,0.0,0.0,0.0,False,False
P5,27,2000,18.0,18.0,True,0.0,0.0,0.0,False,False
P5,27,4000,18.0,18.0,True,0.0,0.0,0.0,False,False
P5,27,8000,18.0,18.0,True,0.0,0.0,0.0,False,False
P5,28,250,16.0,18.0,False,1.7489080529945374e-05,1.7489080529945374e-05,4.815984158411712e-05,False,False
P5,28,500,16.0,18.0,False,1.7489080529945374e-05,1.7489080529945374e-05,4.815984158411712e-05,False,False
P5,28,1000,16.0,18.0,False,1.7489080529945374e-05,1.7489080529945374e-05,4.815984158411712e-05,False,False
P5,28,2000,18.0,18.0,True,0.0,0.0,0.0,False,False
P5,28,4000,18.0,18.0,True,0.0,0.0,0.0,False,False
P5,28,8000,18.0,18.0,True,0.0,0.0,0.0,False,False
P5,29,250,18.0,18.0,True,0.0,0.0,0.0,False,False
P5,29,500,18.0,18.0,True,0.0,0.0,0.0,False,False
P5,29,1000,18.0,18.0,True,0.0,0.0,0.0,False,False
P5,29,2000,18.0,18.0,True,0.0,0.0,0.0,False,False
P5,29,4000,18.0,18.0,True,0.0,0.0,0.0,False,False
P5,29,8000,18.0,18.0,True,0.0,0.0,0.0,False,False
