cell,rep,base_pick,ref_pick,regret,regret_pos,regret_se,falling_24_32
P0,0,5.0,5.0,0.0,0.0,0.0,False
P0,1,5.0,5.0,0.0,0.0,0.0,False
P0,2,5.0,5.5,-0.0007928822234210775,0.0,0.0002664732388942179,False
P0,3,5.0,5.0,0.0,0.0,0.0,False
P0,4,5.0,5.0,0.0,0.0,0.0,False
P0,5,5.0,5.0,0.0,0.0,0.0,False
P0,6,5.0,5.5,-0.0004884919075459902,0.0,0.00027009702541126295,False
P0,7,5.0,4.5,0.0001059452697437524,0.0001059452697437524,0.0002703890903442207,False
P0,8,5.0,5.0,0.0,0.0,0.0,False
P0,9,5.0,5.0,0.0,0.0,0.0,False
P0,10,5.0,4.5,-9.36434083687429e-05,0.0,0.0002732541277844803,False
P0,11,5.0,5.0,0.0,0.0,0.0,False
P0,12,5.0,5.0,0.0,0.0,0.0,False
P0,13,5.0,4.5,-4.249972432833251e-05,0.0,0.0002687844670964453,False
P0,14,5.0,5.0,0.0,0.0,0.0,False
P0,15,5.0,5.0,0.0,0.0,0.0,False
P0,16,5.0,5.0,0.0,0.0,0.0,False
P0,17,5.0,5.5,-0.0007075355097575187,0.0,0.0002657429037140532,False
P0,18,5.0,5.5,-0.00016143589390648228,0.0,0.000269731674898657,False
P0,19,5.0,5.0,0.0,0.0,0.0,False
P0,20,4.0,4.5,0.0008266385455809543,0.0008266385455809543,0.0002734799514540826,False
P0,21,5.0,5.0,0.0,0.0,0.0,False
P0,22,5.0,5.0,0.0,0.0,0.0,False
P0,23,5.0,5.0,0.0,0.0,0.0,False
P0,24,5.0,5.5,-0.0003452403393729433,0.0,0.0002654474057010541,False
P0,25,5.0,5.0,0.0,0.0,0.0,False
P0,26,5.0,5.0,0.0,0.0,0.0,False
P0,27,4.0,4.0,0.0,0.0,0.0,False
P0,28,5.0,5.0,0.0,0.0,0.0,False
P0,29,4.0,4.5,0.0010618990567540585,0.0010618990567540585,0.000275568905180096,False
P1,0,10.0,10.0,0.0,0.0,0.0,False
P1,1,11.0,10.5,0.0005761262980653217,0.0005761262980653217,0.0001064611175357932,False
P1,2,11.0,10.5,0.0004320534532051356,0.0004320534532051356,0.00010125032478808787,False
P1,3,11.0,10.5,0.0004456974934866198,0.0004456974934866198,0.00010507006451252554,False
P1,4,10.0,10.0,0.0,0.0,0.0,False
P1,5,10.0,10.0,0.0,0.0,0.0,False
P1,6,10.0,10.0,0.0,0.0,0.0,False
P1,7,10.0,10.0,0.0,0.0,0.0,False
P1,8,10.0,10.5,-0.00011203971710129924,0.0,0.00010989026682515823,False
P1,9,10.0,10.0,0.0,0.0,0.0,False
P1,10,11.0,10.5,0.0006137446278912479,0.0006137446278912479,0.00011026311801809913,False
P1,11,11.0,10.5,0.00026812021631773765,0.00026812021631773765,0.00010824119155637868,False
P1,12,10.0,10.0,0.0,0.0,0.0,False
P1,13,10.0,10.5,6.971075595919591e-05,6.971075595919591e-05,0.00011381517066414676,False
P1,14,10.0,10.5,-2.250237634383701e-05,0.0,0.0001069050141552994,False
P1,15,10.0,10.0,0.0,0.0,0.0,False
P1,16,11.0,10.5,0.0004120884011762492,0.0004120884011762492,0.00010885826967565814,False
P1,17,10.0,10.5,-9.03334987925646e-05,0.0,0.00011232004224896425,False
P1,18,10.0,10.0,0.0,0.0,0.0,False
P1,19,10.0,10.0,0.0,0.0,0.0,False
P1,20,10.0,10.5,-5.868849564953427e-06,0.0,0.00010116821527919863,False
P1,21,11.0,10.5,0.0001610616345498294,0.0001610616345498294,0.00010583527393095841,False
P1,22,10.0,10.5,-0.00018555044641154115,0.0,0.00010293585081444162,False
P1,23,10.0,10.0,0.0,0.0,0.0,False
P1,24,10.0,10.5,-7.324353340953428e-05,0.0,0.00010079574057904996,False
P1,25,10.0,10.0,0.0,0.0,0.0,False
P1,26,10.0,10.5,0.00021268293442297734,0.00021268293442297734,9.973427937168023e-05,False
P1,27,10.0,10.0,0.0,0.0,0.0,False
P1,28,10.0,10.0,0.0,0.0,0.0,False
P1,29,10.0,10.5,-9.743294410613778e-05,0.0,0.00010991599647223263,False
P2,0,10.0,10.5,6.946346645783023e-05,6.946346645783023e-05,7.503193980773182e-05,False
P2,1,11.0,10.5,7.813708430309424e-05,7.813708430309424e-05,7.033852298333454e-05,False
P2,2,11.0,10.5,7.401854692415776e-05,7.401854692415776e-05,7.497691611983457e-05,False
P2,3,10.0,10.5,0.00013907519918057146,0.00013907519918057146,7.67748301657193e-05,False
P2,4,11.0,11.0,0.0,0.0,0.0,False
P2,5,10.0,10.0,0.0,0.0,0.0,False
P2,6,11.0,10.5,7.652556436440692e-05,7.652556436440692e-05,7.441760518296266e-05,False
P2,7,11.0,10.5,0.00015667420842324216,0.00015667420842324216,7.109400419530402e-05,False
P2,8,11.0,11.0,0.0,0.0,0.0,False
P2,9,10.0,10.5,0.00012573333635093332,0.00012573333635093332,7.407558364955798e-05,False
P2,10,11.0,11.0,0.0,0.0,0.0,False
P2,11,11.0,11.0,0.0,0.0,0.0,False
P2,12,10.0,10.0,0.0,0.0,0.0,False
P2,13,11.0,10.5,0.0002428011368622847,0.0002428011368622847,7.769367989378152e-05,False
P2,14,11.0,10.5,1.9811334829349604e-05,1.9811334829349604e-05,7.487535772464188e-05,False
P2,15,11.0,10.5,0.00013725218974039666,0.00013725218974039666,6.933457238372834e-05,False
P2,16,10.0,10.5,0.0002190155367982129,0.0002190155367982129,7.107175227240921e-05,False
P2,17,11.0,10.5,-5.70867965499407e-05,0.0,7.014444540329304e-05,False
P2,18,10.0,10.0,0.0,0.0,0.0,False
P2,19,11.0,11.0,0.0,0.0,0.0,False
P2,20,11.0,10.5,0.0001232552236482544,0.0001232552236482544,6.907562773056276e-05,False
P2,21,10.0,10.5,0.0001743529017506617,0.0001743529017506617,7.109190098936686e-05,False
P2,22,11.0,10.5,0.0001857815510820552,0.0001857815510820552,7.74835757994946e-05,False
P2,23,11.0,11.0,0.0,0.0,0.0,False
P2,24,11.0,11.0,0.0,0.0,0.0,False
P2,25,11.0,10.5,0.00015727367013342313,0.00015727367013342313,7.135470704121812e-05,False
P2,26,10.0,10.5,0.0001612985264784602,0.0001612985264784602,7.393142064324496e-05,False
P2,27,11.0,11.0,0.0,0.0,0.0,False
P2,28,11.0,11.0,0.0,0.0,0.0,False
P2,29,10.0,10.0,0.0,0.0,0.0,False
P3,0,16.0,18.0,0.0019373719708282117,0.0019373719708282117,0.0003249200983146093,False
P3,1,16.0,18.0,0.001583539122435398,0.001583539122435398,0.00032779087746759756,False
P3,2,16.0,18.0,0.0019374347874669487,0.0019374347874669487,0.0003295316760490125,False
P3,3,16.0,18.0,0.002789609244194911,0.002789609244194911,0.0003088090465405413,False
P3,4,16.0,18.0,0.002523797084557701,0.002523797084557701,0.00031841186591080025,False
P3,5,16.0,18.0,0.002522706374006853,0.002522706374006853,0.00031429011031978825,False
P3,6,16.0,18.0,0.0022995569693380906,0.0022995569693380906,0.00031654228803821904,False
P3,7,16.0,18.0,0.002254167198459579,0.002254167198459579,0.0002966384508715708,False
P3,8,16.0,18.0,0.002651998766167171,0.002651998766167171,0.00032005139952402635,False
P3,9,16.0,18.0,0.002543911991875393,0.002543911991875393,0.000310130591585208,False
P3,10,16.0,18.0,0.002974079105907913,0.002974079105907913,0.00032241430645580895,False
P3,11,16.0,18.0,0.003294462135136963,0.003294462135136963,0.0002754680388113098,False
P3,12,16.0,18.0,0.002205876747552437,0.002205876747552437,0.0003230257343973619,False
P3,13,16.0,18.0,0.002588796745242275,0.002588796745242275,0.0003098343179561376,False
P3,14,16.0,18.0,0.0015159552658810533,0.0015159552658810533,0.0003376335400887569,False
P3,15,16.0,18.0,0.0020137262129900323,0.0020137262129900323,0.0003197829282339394,False
P3,16,16.0,18.0,0.0027541538419296402,0.0027541538419296402,0.00030282272308082184,False
P3,17,16.0,18.0,0.002474754538669027,0.002474754538669027,0.0003187863945590199,False
P3,18,16.0,18.0,0.0014772983683221295,0.0014772983683221295,0.00032978129074193776,False
P3,19,16.0,18.0,0.0019101016481961979,0.0019101016481961979,0.0003380990402588559,False
P3,20,16.0,18.0,0.002247506658503143,0.002247506658503143,0.0003165821188216874,False
P3,21,16.0,18.0,0.0025145930782394664,0.0025145930782394664,0.00032034676778030683,False
P3,22,16.0,18.0,0.0033232465139059787,0.0033232465139059787,0.00030623391084153375,False
P3,23,16.0,18.0,0.0020283758712015504,0.0020283758712015504,0.00031235400868693543,False
P3,24,16.0,18.0,0.00262586962823351,0.00262586962823351,0.0003210227680396042,False
P3,25,16.0,18.0,0.002520658030756663,0.002520658030756663,0.000319028048967783,False
P3,26,16.0,18.0,0.0027767433196454008,0.0027767433196454008,0.0003604550168811658,False
P3,27,16.0,18.0,0.0021842908403167855,0.0021842908403167855,0.0003126408857697885,False
P3,28,16.0,18.0,0.002427347832259579,0.002427347832259579,0.00030022527864436815,False
P3,29,16.0,20.0,0.0012808535771284188,0.0012808535771284188,0.0006211076089659708,False
P4,0,0.0,0.0,0.0,0.0,0.0,False
P4,1,0.0,0.0,0.0,0.0,0.0,False
P4,2,0.0,0.0,0.0,0.0,0.0,False
P4,3,0.0,0.0,0.0,0.0,0.0,False
P4,4,0.0,0.0,0.0,0.0,0.0,False
P4,5,0.0,0.0,0.0,0.0,0.0,False
P4,6,0.0,0.0,0.0,0.0,0.0,False
P4,7,0.0,0.0,0.0,0.0,0.0,False
P4,8,0.0,0.0,0.0,0.0,0.0,False
P4,9,0.0,0.0,0.0,0.0,0.0,False
P4,10,0.0,0.0,0.0,0.0,0.0,False
P4,11,0.0,0.0,0.0,0.0,0.0,False
P4,12,0.0,0.0,0.0,0.0,0.0,False
P4,13,0.0,0.0,0.0,0.0,0.0,False
P4,14,0.0,0.0,0.0,0.0,0.0,False
P4,15,0.0,0.0,0.0,0.0,0.0,False
P4,16,0.0,0.0,0.0,0.0,0.0,False
P4,17,0.0,0.0,0.0,0.0,0.0,False
P4,18,0.0,0.0,0.0,0.0,0.0,False
P4,19,0.0,0.0,0.0,0.0,0.0,False
P4,20,0.0,0.0,0.0,0.0,0.0,False
P4,21,0.0,0.0,0.0,0.0,0.0,False
P4,22,0.0,0.0,0.0,0.0,0.0,False
P4,23,0.0,0.0,0.0,0.0,0.0,False
P4,24,0.0,0.0,0.0,0.0,0.0,False
P4,25,0.0,0.0,0.0,0.0,0.0,False
P4,26,0.0,0.0,0.0,0.0,0.0,False
P4,27,0.0,0.0,0.0,0.0,0.0,False
P4,28,0.0,0.0,0.0,0.0,0.0,False
P4,29,0.0,0.0,0.0,0.0,0.0,False
P5,0,16.0,18.0,3.794846971212058e-05,3.794846971212058e-05,6.381598359190638e-05,False
P5,1,16.0,18.0,0.00012004859292689926,0.00012004859292689926,6.584200751031793e-05,False
P5,2,16.0,18.0,5.278075484960468e-06,5.278075484960468e-06,6.868006288695342e-05,False
P5,3,16.0,16.0,0.0,0.0,0.0,False
P5,4,16.0,16.0,0.0,0.0,0.0,False
P5,5,16.0,16.0,0.0,0.0,0.0,False
P5,6,16.0,18.0,0.00014820535565881812,0.00014820535565881812,6.072862235320728e-05,False
P5,7,16.0,18.0,8.012526910670724e-05,8.012526910670724e-05,6.540561993537014e-05,False
P5,8,16.0,18.0,0.00020119532346687675,0.00020119532346687675,6.28733855632303e-05,False
P5,9,16.0,18.0,7.821311395194233e-05,7.821311395194233e-05,6.455159721201808e-05,False
P5,10,16.0,18.0,2.3974322672022773e-05,2.3974322672022773e-05,6.53639026815274e-05,False
P5,11,16.0,18.0,0.00012222588788102245,0.00012222588788102245,7.108003590543079e-05,False
P5,12,16.0,18.0,0.00012763788262739643,0.00012763788262739643,6.377650723433862e-05,False
P5,13,16.0,18.0,-4.790568141367631e-05,0.0,6.631524555497272e-05,False
P5,14,16.0,18.0,6.88135127033671e-05,6.88135127033671e-05,6.942897189038539e-05,False
P5,15,16.0,18.0,-4.4820314834512737e-05,0.0,7.243646822357093e-05,False
P5,16,16.0,16.0,0.0,0.0,0.0,False
P5,17,16.0,18.0,9.016696766388942e-05,9.016696766388942e-05,7.248488449406246e-05,False
P5,18,16.0,16.0,0.0,0.0,0.0,False
P5,19,16.0,18.0,7.78180724297275e-05,7.78180724297275e-05,6.548307656244953e-05,False
P5,20,16.0,16.0,0.0,0.0,0.0,False
P5,21,16.0,18.0,0.0001476819777324597,0.0001476819777324597,6.677590610185625e-05,False
P5,22,16.0,18.0,-4.6006236262815044e-05,0.0,6.611301107380665e-05,False
P5,23,16.0,16.0,0.0,0.0,0.0,False
P5,24,16.0,18.0,9.88508393007382e-06,9.88508393007382e-06,6.936620666245133e-05,False
P5,25,16.0,16.0,0.0,0.0,0.0,False
P5,26,16.0,18.0,-5.649637586961871e-05,0.0,6.595673438679614e-05,False
P5,27,16.0,18.0,6.641720363877073e-05,6.641720363877073e-05,6.313251177876458e-05,False
P5,28,16.0,16.0,0.0,0.0,0.0,False
P5,29,16.0,16.0,0.0,0.0,0.0,False
